<?xml version="1.0" encoding="UTF-8"?>
<theme>
   <formatVersion>7</formatVersion>
   
<feature supported="carousel">
   <view name="system">
      <carousel name="systemcarousel">
        <type>vertical</type>
        <pos>0.05 0.0</pos>
        <logoAlignment>left</logoAlignment>         
        <size>1.0 0.934</size>
        <logoScale>1.5</logoScale>
        <zIndex>5</zIndex>          
        <logoSize>0.3 0.2</logoSize>
        <color>00000000</color>
        <maxLogoCount>3</maxLogoCount>       
      </carousel>
      <image name="background" extra="true">
         <origin>0 0</origin>
         <pos>0 0</pos>
         <size>1 1</size>
         <zIndex>2</zIndex>                 
      </image>  
      <image name="background_bottom" extra="true">
         <origin>0 0</origin>
         <pos>0 0</pos>
         <size>1 1</size>
         <zIndex>4</zIndex>                 
      </image>                   
      <text name="systemInfo">     
         <pos>0.23 0.01</pos>
         <backgroundColor>00000000</backgroundColor>
         <color>ca9d5f</color>
         <fontPath>./_inc/fonts/sans-black-cond-italic.ttf</fontPath>
	     <fontSize>0.05</fontSize>
         <zIndex>5</zIndex>	     
      </text>            
   </view>
</feature>

   <view name="system">
      <helpsystem name="help">
         <fontPath>./_inc/fonts/sans-black-cond-italic.ttf</fontPath>     
         <textColor>ffffff</textColor>
         <iconColor>ffffff</iconColor>
      </helpsystem>
   </view>  

   <view name="detailed,video,basic">
      <helpsystem name="help">
         <fontPath>./_inc/fonts/sans-black-cond-italic.ttf</fontPath>     
         <textColor>ffffff</textColor>
         <iconColor>ffffff</iconColor>
      </helpsystem>
   </view>  

   <view name="basic,detailed,video">
      <textlist name="gamelist">      
         <selectorColor>00000000</selectorColor>
         <selectedColor>ff3a3a</selectedColor>
         <primaryColor>ffffff</primaryColor>
         <secondaryColor>ca9d5f</secondaryColor>
         <forceUppercase>0</forceUppercase>
         <scrollSound>./_inc/sounds/Move.wav</scrollSound>
         <zIndex>3</zIndex>                          
      </textlist>
   </view> 
   
   <view name="detailed,video">
      <textlist name="gamelist">                          
         <pos>0.019 0.015</pos>
         <size>0.465 1</size>
         <alignment>left</alignment>                       
      </textlist>
   </view>
   
   <view name="basic">
      <textlist name="gamelist">                          
         <pos>0.2 0.19</pos>
         <size>.6 0.74</size>
         <alignment>center</alignment>                       
      </textlist>
   </view>
   
   <view name="basic">
      <image name="background" extra="true">
         <origin>0 0</origin>
         <pos>0 0</pos>
         <size>1 1</size>        
         <zIndex>1</zIndex>          
      </image>                
   </view> 
    
   <view name="detailed,video">
      <image name="background" extra="true">
         <origin>0 0</origin>
         <pos>0 0</pos>
         <size>1 1</size>        
         <zIndex>1</zIndex>         
      </image>                
   </view>     
   
   <view name="detailed">
      <image name="md_image">
         <origin>0.5 0.5</origin>
         <pos>0.748 0.50</pos>
         <maxSize>0.45 0.45</maxSize>
         <zIndex>2</zIndex>         
      </image>      
   </view>

   <view name="video">   
      <video name="md_video">
         <origin>0.5 0.5</origin>
         <pos>0.741 0.455</pos>
         <maxSize>0.5 0.5</maxSize>
         <delay>3</delay>
         <zIndex>999</zIndex>         
         <showSnapshotNoVideo>true</showSnapshotNoVideo>
         <showSnapshotDelay>true</showSnapshotDelay>
		 <effect>none</effect>
      </video>             
   </view>
   
   <view name="detailed,video">
      <text name="md_lbl_releasedate, md_lbl_players, md_lbl_rating, md_rating, md_players, md_releasedate">
         <fontPath>./_inc/fonts/sans-black-cond-italic.ttf</fontPath>
         <fontSize>0.030</fontSize>
      </text>
      <text name="md_lbl_rating">
         <origin>0.5 0.5</origin>
         <pos>1.05 0.85</pos>
         <size>0.6 0.6</size>
         <color>ffffff</color>
         <zIndex>3</zIndex>
      </text>   
      <rating name="md_rating">
         <origin>0.5 0.5</origin>       
         <pos>0.87 0.85</pos>
         <size>0.03 0.03</size>
         <zIndex>3</zIndex>
         <filledPath>./_inc/images/star_full.png</filledPath>
         <unfilledPath>./_inc/images/star_hollow.png</unfilledPath>
      </rating>
      <text name="md_lbl_players">
         <origin>0.5 0.5</origin>
         <pos>1.05 0.77</pos>
         <size>0.6 0.6</size>
         <color>ffffff</color>
         <zIndex>3</zIndex> 
      </text>
      <text name="md_players">
         <origin>0.5 0.5</origin>
         <pos>1.172 0.77</pos>
         <size>0.6 0.6</size>
         <color>ffffff</color>
         <zIndex>3</zIndex>
      </text>
      <text name="md_lbl_releasedate">
         <origin>0.5 0.5</origin>
         <pos>1.05 0.81</pos>
         <size>0.6 0.6</size>
         <color>ffffff</color>
         <zIndex>3</zIndex>                  
      </text>
      <datetime name="md_releasedate">
         <origin>0.5 0.5</origin>
         <pos>1.172 0.81</pos>
		 <format>%Y</format>
         <size>0.6 0.6</size>
         <color>ffffff</color>
         <zIndex>3</zIndex>         
      </datetime>
      <image name="md_marquee">
         <pos>0.615 0.81</pos>
         <origin>0.5 0.5</origin>
         <maxSize>0.2 0.4</maxSize>
         <zIndex>99</zIndex>         
      </image>
      
   </view>
    <view name="menu">
    <menuBackground name="menubg">
      <color>2d2d2d</color>
    </menuBackground>
	<menuText name="menutext, menutitle">
      <fontPath>./_inc/fonts/Cabin-Bold.ttf</fontPath>
      <fontSize>.039</fontSize>
      <color>ffffff</color>
    </menuText>
    <menuTextEdit name="menutextedit">
      <inactive>./_inc/images/textinput_inactive.png</inactive>
      <active>./_inc/images/textinput_active.png</active>
    </menuTextEdit>
  </view>
  
</theme>
