<theme>
    <formatVersion>3</formatVersion>
	

	<view name="system">


			
	</view>
	
	<feature supported="carousel">

		<view name="system">


			
			<image name="carousel_bar" extra="true">
				<color>7dd9fb</color>
			</image>
		
		</view>

	</feature>

	<view name="basic, detailed, video">
	

	
		<rating name="md_rating">
			<filledPath>./../art/heart_filled.png</filledPath>
			<unfilledPath>./../art/heart_empty.png</unfilledPath>
		</rating>
		
		<textlist name="gamelist">
			<selectorColor>35b2eb</selectorColor>
			<selectedColor>ffffff</selectedColor>
			<primaryColor>dedede</primaryColor>
			<secondaryColor>35b2eb</secondaryColor>
		</textlist>
		

		

	
	
		
		<image name="player_box" extra="true">
			<color>35b2eb</color>		
		</image>

		<text name="publisher_label, developer_label, genre_label, rating_label, played_label" extra="true">
			<color>35b2eb</color>
		</text>

		<datetime name="md_releasedate">
			<color>35b2eb</color>
		</datetime>	

		
		
	

	</view>
	
</theme>